{
	"best_mse": 46.84403560016244,
	"worst_mse": 240.32574452142893,
	"best_d_loss": 0.7778129577636719,
	"best_g_loss": 0.7846485376358032,
	"total_epochs": 1000
}