{
	"best_mse": 0.18401121057001138,
	"worst_mse": 0.9052378505011591,
	"best_d_loss": 0.24759607017040253,
	"best_g_loss": 0.2459259033203125,
	"total_epochs": 10
}